{
  "id": 7,
  "name": "Tutorial Site",
  "version": "1",
  "nodeTree": {
    "root": {
      "id": 0,
      "type": "Node",
      "elementId": null,
      "elementClasses": "",
      "name": "Root",
      "openInNodeTree": true,
      "posX": 0,
      "posY": 0,
      "children": [
        {
          "id": 33,
          "type": "Node",
          "elementId": null,
          "elementClasses": "",
          "name": "Intro",
          "openInNodeTree": true,
          "posX": -320,
          "posY": -119,
          "children": [
            {
              "id": 2,
              "type": "TextNode",
              "elementId": null,
              "elementClasses": "",
              "name": "Text",
              "openInNodeTree": true,
              "posX": -7,
              "posY": 36,
              "children": [],
              "text": "Follow this short tutorial to get started! You'll be creating sites in no time.",
              "elementType": "p",
              "fontFamily": "sans-serif",
              "fontSize": 36,
              "color": {
                "color": "#000000",
                "alpha": 1
              },
              "bold": false,
              "italic": true,
              "underline": false,
              "lineHeight": 1.2,
              "letterSpacing": 0,
              "textAlign": "center",
              "width": 669,
              "link": {
                "type": "None",
                "url": ""
              }
            },
            {
              "id": 1,
              "type": "TextNode",
              "elementId": null,
              "elementClasses": "",
              "name": "Text",
              "openInNodeTree": true,
              "posX": 3,
              "posY": -148,
              "children": [],
              "text": "Welcome to JungleWriter 🌿🐒",
              "elementType": "p",
              "fontFamily": "sans-serif",
              "fontSize": 64,
              "color": {
                "color": "#000000",
                "alpha": 1
              },
              "bold": true,
              "italic": false,
              "underline": false,
              "lineHeight": 1.2,
              "letterSpacing": 0,
              "textAlign": "center",
              "width": 637,
              "link": {
                "type": "None",
                "url": ""
              }
            }
          ]
        },
        {
          "id": 26,
          "type": "Node",
          "elementId": null,
          "elementClasses": "",
          "name": "Step1",
          "openInNodeTree": false,
          "posX": -341,
          "posY": 140,
          "children": [
            {
              "id": 3,
              "type": "TextNode",
              "elementId": null,
              "elementClasses": "",
              "name": "Text",
              "openInNodeTree": true,
              "posX": 208,
              "posY": -49,
              "children": [],
              "text": "1. Creating",
              "elementType": "p",
              "fontFamily": "sans-serif",
              "fontSize": 36,
              "color": {
                "color": "#000000",
                "alpha": 1
              },
              "bold": true,
              "italic": false,
              "underline": false,
              "lineHeight": 1.2,
              "letterSpacing": 0,
              "textAlign": "left",
              "width": 350,
              "link": {
                "type": "None",
                "url": ""
              }
            },
            {
              "id": 4,
              "type": "TextNode",
              "elementId": null,
              "elementClasses": "",
              "name": "Text",
              "openInNodeTree": true,
              "posX": -36,
              "posY": 8,
              "children": [],
              "text": "Use the buttons along the bottom to add widgets to the canvas",
              "elementType": "p",
              "fontFamily": "sans-serif",
              "fontSize": 36,
              "color": {
                "color": "#000000",
                "alpha": 1
              },
              "bold": false,
              "italic": false,
              "underline": false,
              "lineHeight": 1.2,
              "letterSpacing": 0,
              "textAlign": "left",
              "width": 691,
              "link": {
                "type": "None",
                "url": ""
              }
            }
          ]
        },
        {
          "id": 27,
          "type": "Node",
          "elementId": null,
          "elementClasses": "",
          "name": "Step2",
          "openInNodeTree": false,
          "posX": -378,
          "posY": 385,
          "children": [
            {
              "id": 5,
              "type": "TextNode",
              "elementId": null,
              "elementClasses": "",
              "name": "Text",
              "openInNodeTree": true,
              "posX": 257,
              "posY": -60,
              "children": [],
              "text": "2. Editing",
              "elementType": "p",
              "fontFamily": "sans-serif",
              "fontSize": 36,
              "color": {
                "color": "#000000",
                "alpha": 1
              },
              "bold": true,
              "italic": false,
              "underline": false,
              "lineHeight": 1.2,
              "letterSpacing": 0,
              "textAlign": "left",
              "width": 350,
              "link": {
                "type": "None",
                "url": ""
              }
            },
            {
              "id": 6,
              "type": "TextNode",
              "elementId": null,
              "elementClasses": "",
              "name": "Text",
              "openInNodeTree": true,
              "posX": -28,
              "posY": -13,
              "children": [],
              "text": "Basic:\n- Click a widget to edit it on the right --------->\n- Click+drag to move\n- Click+drag the bottom-right to resize\nMore:\n- Shift+click to select multiple\n- Ctrl/Cmd+D to duplicate items (very handy!)\n- Arrow-keys to fine-adjust position\n\n* To edit background color: click \"Editor\" (top-right), then \"Site Settings\"",
              "elementType": "p",
              "fontFamily": "sans-serif",
              "fontSize": 36,
              "color": {
                "color": "#000000",
                "alpha": 1
              },
              "bold": false,
              "italic": false,
              "underline": false,
              "lineHeight": 1.2,
              "letterSpacing": 0,
              "textAlign": "left",
              "width": 889,
              "link": {
                "type": "None",
                "url": ""
              }
            }
          ]
        },
        {
          "id": 28,
          "type": "Node",
          "elementId": null,
          "elementClasses": "",
          "name": "Step3",
          "openInNodeTree": false,
          "posX": -372,
          "posY": 1176,
          "children": [
            {
              "id": 7,
              "type": "TextNode",
              "elementId": null,
              "elementClasses": "",
              "name": "Text",
              "openInNodeTree": true,
              "posX": 183,
              "posY": -254,
              "children": [],
              "text": "3. Layering",
              "elementType": "p",
              "fontFamily": "sans-serif",
              "fontSize": 36,
              "color": {
                "color": "#000000",
                "alpha": 1
              },
              "bold": true,
              "italic": false,
              "underline": false,
              "lineHeight": 1.2,
              "letterSpacing": 0,
              "textAlign": "left",
              "width": 342,
              "link": {
                "type": "None",
                "url": ""
              }
            },
            {
              "id": 34,
              "type": "RectNode",
              "elementId": null,
              "elementClasses": "",
              "name": "Rect",
              "openInNodeTree": true,
              "posX": -131,
              "posY": -197.1585693359375,
              "children": [],
              "width": 987,
              "height": 172,
              "background": {
                "type": "solid",
                "color": {
                  "color": "#8ec7be",
                  "alpha": 1
                }
              },
              "border": {
                "enabled": false,
                "width": 2,
                "style": "none",
                "color": {
                  "color": "#000000",
                  "alpha": 1
                },
                "radius": 0
              }
            },
            {
              "id": 8,
              "type": "TextNode",
              "elementId": null,
              "elementClasses": "",
              "name": "Text",
              "openInNodeTree": true,
              "posX": -99,
              "posY": -181,
              "children": [],
              "text": "Want to show text over a rectangle? On the left, there is a \"page tree\". The text widget must be -after/below- the rectangle widget to show up on top.",
              "elementType": "p",
              "fontFamily": "sans-serif",
              "fontSize": 36,
              "color": {
                "color": "#000000",
                "alpha": 1
              },
              "bold": false,
              "italic": false,
              "underline": false,
              "lineHeight": 1.2,
              "letterSpacing": 0,
              "textAlign": "left",
              "width": 950,
              "link": {
                "type": "None",
                "url": ""
              }
            },
            {
              "id": 9,
              "type": "TextNode",
              "elementId": null,
              "elementClasses": "",
              "name": "Text",
              "openInNodeTree": true,
              "posX": -34,
              "posY": -14,
              "children": [],
              "text": "* This may seem backwards if you're used to photo editing. It's done this way to match HTML, which is written top-to-bottom.",
              "elementType": "p",
              "fontFamily": "sans-serif",
              "fontSize": 27,
              "color": {
                "color": "#5c5c5c",
                "alpha": 1
              },
              "bold": false,
              "italic": false,
              "underline": false,
              "lineHeight": 1.2,
              "letterSpacing": 0,
              "textAlign": "left",
              "width": 791,
              "link": {
                "type": "None",
                "url": ""
              }
            }
          ]
        },
        {
          "id": 29,
          "type": "Node",
          "elementId": null,
          "elementClasses": "",
          "name": "Step4",
          "openInNodeTree": false,
          "posX": -453,
          "posY": 1410,
          "children": [
            {
              "id": 10,
              "type": "TextNode",
              "elementId": null,
              "elementClasses": "",
              "name": "Text",
              "openInNodeTree": true,
              "posX": 261,
              "posY": -103,
              "children": [],
              "text": "4. Grouping",
              "elementType": "p",
              "fontFamily": "sans-serif",
              "fontSize": 36,
              "color": {
                "color": "#000000",
                "alpha": 1
              },
              "bold": true,
              "italic": false,
              "underline": false,
              "lineHeight": 1.2,
              "letterSpacing": 0,
              "textAlign": "left",
              "width": 350,
              "link": {
                "type": "None",
                "url": ""
              }
            },
            {
              "id": 11,
              "type": "TextNode",
              "elementId": null,
              "elementClasses": "",
              "name": "Text",
              "openInNodeTree": true,
              "posX": -22,
              "posY": -44,
              "children": [],
              "text": "Group related items to stay organized. Moving the group will move everything. To make a group, select some widgets then create a Group widget. You can also drag items into groups using the page tree (left).",
              "elementType": "p",
              "fontFamily": "sans-serif",
              "fontSize": 36,
              "color": {
                "color": "#000000",
                "alpha": 1
              },
              "bold": false,
              "italic": false,
              "underline": false,
              "lineHeight": 1.2,
              "letterSpacing": 0,
              "textAlign": "left",
              "width": 900,
              "link": {
                "type": "None",
                "url": ""
              }
            }
          ]
        },
        {
          "id": 30,
          "type": "Node",
          "elementId": null,
          "elementClasses": "",
          "name": "Step5",
          "openInNodeTree": false,
          "posX": -459,
          "posY": 1650,
          "children": [
            {
              "id": 12,
              "type": "TextNode",
              "elementId": null,
              "elementClasses": "",
              "name": "Text",
              "openInNodeTree": true,
              "posX": 269,
              "posY": -37,
              "children": [],
              "text": "5. Arranging",
              "elementType": "p",
              "fontFamily": "sans-serif",
              "fontSize": 36,
              "color": {
                "color": "#000000",
                "alpha": 1
              },
              "bold": true,
              "italic": false,
              "underline": false,
              "lineHeight": 1.2,
              "letterSpacing": 0,
              "textAlign": "left",
              "width": 350,
              "link": {
                "type": "None",
                "url": ""
              }
            },
            {
              "id": 13,
              "type": "TextNode",
              "elementId": null,
              "elementClasses": "",
              "name": "Text",
              "openInNodeTree": true,
              "posX": -9,
              "posY": 28,
              "children": [],
              "text": "Most websites read top-to-bottom. But yours doesn't have to. Want your site to flow horizontally, diagonally, or completely free-form? Go for it, have fun.\n\nYou can scroll around this canvas in any direction and add things anywhere. Preview your site (bottom-right) to see what site would be like to a user.",
              "elementType": "p",
              "fontFamily": "sans-serif",
              "fontSize": 36,
              "color": {
                "color": "#000000",
                "alpha": 1
              },
              "bold": false,
              "italic": false,
              "underline": false,
              "lineHeight": 1.2,
              "letterSpacing": 0,
              "textAlign": "left",
              "width": 911,
              "link": {
                "type": "None",
                "url": ""
              }
            }
          ]
        },
        {
          "id": 31,
          "type": "Node",
          "elementId": null,
          "elementClasses": "",
          "name": "Step6",
          "openInNodeTree": false,
          "posX": -477,
          "posY": 2112,
          "children": [
            {
              "id": 15,
              "type": "TextNode",
              "elementId": null,
              "elementClasses": "",
              "name": "Text",
              "openInNodeTree": true,
              "posX": 252,
              "posY": -46,
              "children": [],
              "text": "6. Generating your site",
              "elementType": "p",
              "fontFamily": "sans-serif",
              "fontSize": 36,
              "color": {
                "color": "#000000",
                "alpha": 1
              },
              "bold": true,
              "italic": false,
              "underline": false,
              "lineHeight": 1.2,
              "letterSpacing": 0,
              "textAlign": "left",
              "width": 438,
              "link": {
                "type": "None",
                "url": ""
              }
            },
            {
              "id": 16,
              "type": "TextNode",
              "elementId": null,
              "elementClasses": "",
              "name": "Text",
              "openInNodeTree": true,
              "posX": -15,
              "posY": 27,
              "children": [],
              "text": "To generate your site, click \"Menu\" in the top-left and \"Generate Site\". This will download a zip-file containing your site's files.\n\nTesting: To test your site, unzip it and open the index.html in your browser. You should see the website you made!\n\nHosting: To get your site online, upload your zip-file to a hosting provider, such as Netlify or Cloudflare. There are many free options.\n\nCustom domain: If you'd like a custom domain, you'll need to purchase a domain name from a registrar (such as NameCheap) and set up some records (called DNS records) to point to where your website lives with your hosting provider. Ask your friendly AI for help.\n\nFavicon, site name, etc: You can change all this from \"Site Settings\". Click the top-right menu button.",
              "elementType": "p",
              "fontFamily": "sans-serif",
              "fontSize": 36,
              "color": {
                "color": "#000000",
                "alpha": 1
              },
              "bold": false,
              "italic": false,
              "underline": false,
              "lineHeight": 1.2,
              "letterSpacing": 0,
              "textAlign": "left",
              "width": 898,
              "link": {
                "type": "None",
                "url": ""
              }
            }
          ]
        },
        {
          "id": 38,
          "type": "Node",
          "elementId": null,
          "elementClasses": "",
          "name": "Step7",
          "openInNodeTree": false,
          "posX": -259,
          "posY": 3069,
          "children": [
            {
              "id": 36,
              "type": "TextNode",
              "elementId": null,
              "elementClasses": "",
              "name": "Text",
              "openInNodeTree": true,
              "posX": -67,
              "posY": 49,
              "children": [],
              "text": "7. Advanced - Custom CSS ",
              "elementType": "p",
              "fontFamily": "sans-serif",
              "fontSize": 36,
              "color": {
                "color": "#000000",
                "alpha": 1
              },
              "bold": true,
              "italic": false,
              "underline": false,
              "lineHeight": 1.2,
              "letterSpacing": 0,
              "textAlign": "left",
              "width": 491,
              "link": {
                "type": "None",
                "url": ""
              }
            },
            {
              "id": 37,
              "type": "TextNode",
              "elementId": null,
              "elementClasses": "",
              "name": "Text",
              "openInNodeTree": true,
              "posX": -240,
              "posY": 122,
              "children": [],
              "text": "Want to add custom CSS like shadows, filters, or hover effects? JungleWriter lets you add any CSS you want to your widgets.\n\nClick a widget, and open the Advanced dropdown in the editor. Give the widget an id and/or classes. Click \"Write custom CSS\" to open the editor, where you can write whatever CSS you want. If you're new to CSS, ask AI for some help. CSS is very powerful but can be frustrating at first, so stay patient. ",
              "elementType": "p",
              "fontFamily": "sans-serif",
              "fontSize": 36,
              "color": {
                "color": "#000000",
                "alpha": 1
              },
              "bold": false,
              "italic": false,
              "underline": false,
              "lineHeight": 1.2,
              "letterSpacing": 0,
              "textAlign": "left",
              "width": 911,
              "link": {
                "type": "None",
                "url": ""
              }
            }
          ]
        },
        {
          "id": 32,
          "type": "Node",
          "elementId": null,
          "elementClasses": "",
          "name": "FAQ",
          "openInNodeTree": true,
          "posX": -199,
          "posY": 3272,
          "children": [
            {
              "id": 14,
              "type": "TextNode",
              "elementId": null,
              "elementClasses": "",
              "name": "Text",
              "openInNodeTree": true,
              "posX": -34,
              "posY": 475,
              "children": [],
              "text": "Advanced FAQ",
              "elementType": "p",
              "fontFamily": "sans-serif",
              "fontSize": 48,
              "color": {
                "color": "#000000",
                "alpha": 1
              },
              "bold": true,
              "italic": false,
              "underline": false,
              "lineHeight": 1.2,
              "letterSpacing": 0,
              "textAlign": "left",
              "width": 364,
              "link": {
                "type": "None",
                "url": ""
              }
            },
            {
              "id": 17,
              "type": "TextNode",
              "elementId": null,
              "elementClasses": "",
              "name": "Text",
              "openInNodeTree": true,
              "posX": -302,
              "posY": 566,
              "children": [],
              "text": "Can my website have multiple pages?\n\n>> Currently, no. But the dev (me) is considering this!\n\nCan I add custom HTML or Javascript to my site?\n\n>> Not right now, but the dev is working on this! Follow me on mastodon for updates: https://mastodon.social/@mriley\n\nHow to add Google Analytics?\n\n>> This is related to the above. Also a work in progress!",
              "elementType": "p",
              "fontFamily": "sans-serif",
              "fontSize": 36,
              "color": {
                "color": "#000000",
                "alpha": 1
              },
              "bold": false,
              "italic": false,
              "underline": false,
              "lineHeight": 1.2,
              "letterSpacing": 0,
              "textAlign": "left",
              "width": 1010,
              "link": {
                "type": "None",
                "url": ""
              }
            },
            {
              "id": 39,
              "type": "TextNode",
              "elementId": null,
              "elementClasses": "",
              "name": "Text",
              "openInNodeTree": true,
              "posX": -203,
              "posY": 1168.6907958984375,
              "children": [],
              "text": "JungleWriter is a free and open-source project. If you like it, please consider donating $5 to the Salvation Army online.",
              "elementType": "p",
              "fontFamily": "sans-serif",
              "fontSize": 36,
              "color": {
                "color": "#271ad5",
                "alpha": "1"
              },
              "bold": false,
              "italic": true,
              "underline": false,
              "lineHeight": 1.2,
              "letterSpacing": 0,
              "textAlign": "left",
              "width": 725,
              "link": {
                "type": "None",
                "url": ""
              }
            }
          ]
        }
      ]
    }
  },
  "settings": {
    "siteName": "Tutorial",
    "description": "This site teaches you how to use JungleWriter.\n",
    "faviconSrcName": "",
    "backgroundColor": {
      "color": "#ecc1ea",
      "alpha": 1
    },
    "canvasWidth": 4000,
    "canvasHeight": 4000,
    "enableWASDNavigation": false,
    "showDesignGuide": true
  },
  "preferences": {
    "fontFamily": "sans-serif",
    "fontSize": 36,
    "textColor": {
      "color": "#271ad5",
      "alpha": "1"
    }
  },
  "postsFeed": {
    "posts": []
  },
  "blogFeed": {
    "posts": []
  },
  "galleryFeed": {
    "posts": []
  },
  "filesPageConfig": "",
  "customCssString": "/* Write your custom CSS here */\n/* If you haven't worked with CSS before, ask ChatGPT for some help */\n\n/*\nExample 1 - Classes\nAdd this class (RedBackground) to elements to turn their\nbackground red.\nUse !important to override styles set from the editor.\n*/\n.RedBackground {\n  background-color: red !important;\n}\n\n/*\nExample 2 - Ids\nIf you just want to style one specific element, here's how. Give the element\nan id in the editor, then create a style block for #TheId.\n*/\n#YourIdGoesHere {\n  box-shadow: rgba(149, 157, 165, 0.2) 0px 8px 24px;\n}\n",
  "nodeIdCtr": 40,
  "lastModifiedTime": 1760381705405
}